issue_year,term_months,loans,labeled,unresolved,adverse,non_adverse,unresolved_pct,evidence_date
2007,36,603,251,352,45,206,58.3748,2026-09-23
2008,36,2393,1562,831,247,1315,34.7263,2026-09-23
2009,36,5281,4716,565,594,4122,10.6987,2026-09-23
2010,36,9156,8466,690,842,7624,7.536,2026-09-23
2010,60,3381,3070,311,645,2425,9.1985,2026-09-23
2011,36,14101,14101,0,1499,12602,0.0,2026-09-23
2011,60,7620,7620,0,1798,5822,0.0,2026-09-23
2012,36,43470,43470,0,5903,37567,0.0,2026-09-23
2012,60,9897,9897,0,2741,7156,0.0,2026-09-23
2013,36,100422,100422,0,12378,88044,0.0,2026-09-23
2013,60,34392,34382,10,8646,25736,0.0291,2026-09-23
2014,36,162570,162570,0,22315,140255,0.0,2026-09-23
2014,60,73059,60533,12526,18847,41686,17.145,2026-09-23
2015,36,283173,283026,147,42132,240894,0.0519,2026-09-23
2015,60,137922,92520,45402,33672,58848,32.9186,2026-09-23
2016,36,323495,232361,91134,46120,186241,28.1717,2026-09-23
2016,60,110912,60744,50168,22132,38612,45.2323,2026-09-23
2017,36,320419,128551,191868,25734,102817,59.8803,2026-09-23
2017,60,123160,40770,82390,13435,27335,66.8967,2026-09-23
2018,36,344671,41272,303399,5468,35804,88.0257,2026-09-23
2018,60,150571,15046,135525,3406,11640,90.0074,2026-09-23
